genome_id,genbank_accession,label,cv_0,cv_1,cv_2,cv_3,cv_4,test
GCA_000014785.1,GCA_000014785,9.3,train,valid,train,train,train,-
GCA_000017805.1,GCA_000017805,7.75,valid,train,train,train,train,-
GCA_000017945.1,GCA_000017945,5.5,train,train,train,valid,train,-
GCA_000023265.1,GCA_000023265,2.0,train,train,train,train,valid,-
GCA_000024325.1,GCA_000024325,6.75,-,-,-,-,-,test
GCA_000093025.1,GCA_000093025,6.15,valid,train,train,train,train,-
GCA_000143165.1,GCA_000143165,7.25,valid,train,train,train,train,-
GCA_000145985.1,GCA_000145985,6.4,valid,train,train,train,train,-
GCA_000154725.1,GCA_000154725,7.5,-,-,-,-,-,test
GCA_000183405.1,GCA_000183405,7.25,train,train,train,train,valid,-
GCA_000184705.1,GCA_000184705,7.25,train,train,valid,train,train,-
GCA_000185805.1,GCA_000185805,5.5,train,train,train,train,valid,-
GCA_000219725.1,GCA_000219725,7.35,-,-,-,-,-,test
GCA_000224085.1,GCA_000224085,7.0,-,-,-,-,-,test
GCA_000233775.1,GCA_000233775,6.75,train,valid,train,train,train,-
GCA_000236705.1,GCA_000236705,7.0,train,train,valid,train,train,-
GCA_000258425.1,GCA_000258425,5.75,train,train,valid,train,train,-
GCA_000260115.1,GCA_000260115,6.45,-,-,-,-,-,test
GCA_000263195.1,GCA_000263195,9.5,-,-,-,-,-,test
GCA_000264495.1,GCA_000264495,7.1,train,train,valid,train,train,-
GCA_000265075.1,GCA_000265075,10.0,train,train,train,valid,train,-
GCA_000266925.1,GCA_000266925,6.95,train,valid,train,train,train,-
GCA_000307875.1,GCA_000307875,7.5,valid,train,train,train,train,-
GCA_000317795.1,GCA_000317795,3.75,train,train,valid,train,train,-
GCA_000317835.1,GCA_000317835,7.25,train,train,valid,train,train,-
GCA_000336875.1,GCA_000336875,7.3,-,-,-,-,-,test
GCA_000336955.1,GCA_000336955,6.75,-,-,-,-,-,test
GCA_000337175.1,GCA_000337175,6.25,train,train,train,valid,train,-
GCA_000337495.1,GCA_000337495,7.5,train,train,train,valid,train,-
GCA_000337515.1,GCA_000337515,7.25,train,train,train,valid,train,-
GCA_000337735.1,GCA_000337735,8.95,train,train,train,valid,train,-
GCA_000337815.1,GCA_000337815,7.4,-,-,-,-,-,test
GCA_000347775.1,GCA_000347775,7.5,train,train,train,valid,train,-
GCA_000349205.1,GCA_000349205,9.5,train,train,valid,train,train,-
GCA_000422245.1,GCA_000422245,9.2,valid,train,train,train,train,-
GCA_000513095.1,GCA_000513095,9.5,train,train,valid,train,train,-
GCA_000513115.1,GCA_000513115,10.0,train,train,valid,train,train,-
GCA_000513135.1,GCA_000513135,9.5,train,train,valid,train,train,-
GCA_000517625.1,GCA_000517625,7.5,train,train,train,valid,train,-
GCA_000597865.1,GCA_000597865,7.25,train,train,train,valid,train,-
GCA_000612505.1,GCA_000612505,7.2,train,valid,train,train,train,-
GCA_000689415.1,GCA_000689415,7.2,train,valid,train,train,train,-
GCA_000690055.1,GCA_000690055,8.0,valid,train,train,train,train,-
GCA_000691225.1,GCA_000691225,9.0,train,valid,train,train,train,-
GCA_000767165.1,GCA_000767165,9.5,train,valid,train,train,train,-
GCA_000787375.1,GCA_000787375,9.0,train,train,valid,train,train,-
GCA_000812875.1,GCA_000812875,7.65,valid,train,train,train,train,-
GCA_000956545.1,GCA_000956545,7.5,train,train,valid,train,train,-
GCA_000968535.1,GCA_000968535,9.0,train,train,valid,train,train,-
GCA_000974365.1,GCA_000974365,7.8,train,train,valid,train,train,-
GCA_001010355.1,GCA_001010355,6.85,train,train,valid,train,train,-
GCA_001010925.1,GCA_001010925,7.5,train,train,valid,train,train,-
GCA_001017435.1,GCA_001017435,7.0,-,-,-,-,-,test
GCA_001028625.1,GCA_001028625,7.1,train,train,valid,train,train,-
GCA_001306115.1,GCA_001306115,7.75,train,train,train,train,valid,-
GCA_001399675.1,GCA_001399675,3.0,train,train,train,valid,train,-
GCA_001412615.1,GCA_001412615,5.0,train,train,train,valid,train,-
GCA_001431505.1,GCA_001431505,7.3,train,train,train,valid,train,-
GCA_001434395.1,GCA_001434395,5.95,train,valid,train,train,train,-
GCA_001435235.1,GCA_001435235,3.9,train,valid,train,train,train,-
GCA_001435895.1,GCA_001435895,6.25,train,valid,train,train,train,-
GCA_001436755.1,GCA_001436755,6.25,train,valid,train,train,train,-
GCA_001437075.1,GCA_001437075,6.25,train,valid,train,train,train,-
GCA_001437125.1,GCA_001437125,4.0,train,valid,train,train,train,-
GCA_001439665.1,GCA_001439665,8.25,-,-,-,-,-,test
GCA_001439735.1,GCA_001439735,6.75,train,valid,train,train,train,-
GCA_001439845.1,GCA_001439845,6.5,train,valid,train,train,train,-
GCA_001465345.1,GCA_001465345,9.6,-,-,-,-,-,test
GCA_001469955.1,GCA_001469955,7.25,-,-,-,-,-,test
GCA_001481685.1,GCA_001481685,5.8,train,train,train,valid,train,-
GCA_001507545.1,GCA_001507545,7.75,train,valid,train,train,train,-
GCA_001507595.1,GCA_001507595,7.25,train,valid,train,train,train,-
GCA_001517285.1,GCA_001517285,7.72,-,-,-,-,-,test
GCA_001517345.1,GCA_001517345,7.75,-,-,-,-,-,test
GCA_001542405.1,GCA_001542405,6.9,valid,train,train,train,train,-
GCA_001543205.1,GCA_001543205,8.75,valid,train,train,train,train,-
GCA_001543325.1,GCA_001543325,6.25,-,-,-,-,-,test
GCA_001547735.1,GCA_001547735,5.75,train,train,train,valid,train,-
GCA_001548275.1,GCA_001548275,8.15,train,train,train,valid,train,-
GCA_001562195.1,GCA_001562195,7.75,valid,train,train,train,train,-
GCA_001573155.1,GCA_001573155,7.5,-,-,-,-,-,test
GCA_001593605.1,GCA_001593605,7.0,train,train,train,valid,train,-
GCA_001594005.1,GCA_001594005,6.4,train,train,train,train,valid,-
GCA_001611555.1,GCA_001611555,6.8,train,train,valid,train,train,-
GCA_001618865.1,GCA_001618865,6.8,train,valid,train,train,train,-
GCA_001642325.1,GCA_001642325,6.75,-,-,-,-,-,test
GCA_001650025.1,GCA_001650025,9.0,valid,train,train,train,train,-
GCA_001651805.1,GCA_001651805,7.5,train,valid,train,train,train,-
GCA_001672295.1,GCA_001672295,7.75,valid,train,train,train,train,-
GCA_001677435.1,GCA_001677435,7.5,train,train,train,train,valid,-
GCA_001687335.1,GCA_001687335,6.8,train,train,valid,train,train,-
GCA_001700435.1,GCA_001700435,7.35,-,-,-,-,-,test
GCA_001730315.1,GCA_001730315,9.6,-,-,-,-,-,test
GCA_001735805.1,GCA_001735805,6.5,train,valid,train,train,train,-
GCA_001753165.1,GCA_001753165,1.8,-,-,-,-,-,test
GCA_001761465.1,GCA_001761465,7.0,-,-,-,-,-,test
GCA_001855385.1,GCA_001855385,8.0,-,-,-,-,-,test
GCA_001883995.1,GCA_001883995,7.5,train,train,train,train,valid,-
GCA_001885995.1,GCA_001885995,9.6,-,-,-,-,-,test
GCA_001886615.1,GCA_001886615,6.25,valid,train,train,train,train,-
GCA_001888925.1,GCA_001888925,4.0,train,valid,train,train,train,-
GCA_001890925.1,GCA_001890925,8.25,train,valid,train,train,train,-
GCA_001908025.1,GCA_001908025,7.25,train,valid,train,train,train,-
GCA_001936175.1,GCA_001936175,6.8,-,-,-,-,-,test
GCA_001939735.1,GCA_001939735,6.75,train,train,valid,train,train,-
GCA_001950255.1,GCA_001950255,6.25,train,train,train,train,valid,-
GCA_001953175.1,GCA_001953175,7.1,valid,train,train,train,train,-
GCA_001956985.1,GCA_001956985,5.25,-,-,-,-,-,test
GCA_001975725.1,GCA_001975725,1.8,-,-,-,-,-,test
GCA_001976145.1,GCA_001976145,7.5,train,train,train,valid,train,-
GCA_001982615.1,GCA_001982615,7.25,train,train,valid,train,train,-
GCA_001996165.1,GCA_001996165,8.25,train,train,valid,train,train,-
GCA_002087085.1,GCA_002087085,7.75,train,train,train,valid,train,-
GCA_002094855.1,GCA_002094855,7.5,-,-,-,-,-,test
GCA_002104335.1,GCA_002104335,4.0,-,-,-,-,-,test
GCA_002108505.1,GCA_002108505,7.2,train,train,valid,train,train,-
GCA_002119425.1,GCA_002119425,6.25,train,train,train,valid,train,-
GCA_002153915.1,GCA_002153915,9.6,-,-,-,-,-,test
GCA_002154895.1,GCA_002154895,6.5,train,train,train,valid,train,-
GCA_002155145.1,GCA_002155145,6.0,valid,train,train,train,train,-
GCA_002156705.1,GCA_002156705,9.25,train,train,train,valid,train,-
GCA_002197845.1,GCA_002197845,5.75,train,train,train,train,valid,-
GCA_002201795.1,GCA_002201795,9.7,train,train,valid,train,train,-
GCA_002205125.1,GCA_002205125,7.5,-,-,-,-,-,test
GCA_002213415.1,GCA_002213415,7.5,train,train,train,train,valid,-
GCA_002216005.1,GCA_002216005,9.5,-,-,-,-,-,test
GCA_002217285.1,GCA_002217285,7.1,-,-,-,-,-,test
GCA_002217435.1,GCA_002217435,6.2,-,-,-,-,-,test
GCA_002252505.1,GCA_002252505,6.5,valid,train,train,train,train,-
GCA_002262875.1,GCA_002262875,7.5,valid,train,train,train,train,-
GCA_002278075.1,GCA_002278075,5.5,train,train,train,train,valid,-
GCA_002287065.1,GCA_002287065,7.75,train,valid,train,train,train,-
GCA_002287075.1,GCA_002287075,7.25,-,-,-,-,-,test
GCA_002356295.1,GCA_002356295,7.05,train,train,train,train,valid,-
GCA_002554795.1,GCA_002554795,7.75,train,train,valid,train,train,-
GCA_002564005.1,GCA_002564005,5.5,train,valid,train,train,train,-
GCA_002573965.1,GCA_002573965,5.5,valid,train,train,train,train,-
GCA_002742285.1,GCA_002742285,8.5,train,valid,train,train,train,-
GCA_002744755.1,GCA_002744755,7.0,-,-,-,-,-,test
GCA_002844375.1,GCA_002844375,7.5,-,-,-,-,-,test
GCA_002844555.1,GCA_002844555,7.75,train,train,train,valid,train,-
GCA_002846615.1,GCA_002846615,9.0,valid,train,train,train,train,-
GCA_002863865.1,GCA_002863865,7.5,valid,train,train,train,train,-
GCA_002866825.1,GCA_002866825,7.75,-,-,-,-,-,test
GCA_002874775.1,GCA_002874775,7.25,train,valid,train,train,train,-
GCA_002895565.1,GCA_002895565,6.6,train,valid,train,train,train,-
GCA_002916695.1,GCA_002916695,9.75,valid,train,train,train,train,-
GCA_002927045.1,GCA_002927045,6.25,train,train,train,train,valid,-
GCA_002933875.1,GCA_002933875,6.75,train,valid,train,train,train,-
GCA_002943425.1,GCA_002943425,7.5,train,train,valid,train,train,-
GCA_002943565.1,GCA_002943565,7.0,train,train,train,train,valid,-
GCA_002951815.1,GCA_002951815,2.0,-,-,-,-,-,test
GCA_002952775.1,GCA_002952775,8.9,-,-,-,-,-,test
GCA_002968015.1,GCA_002968015,7.25,train,train,train,train,valid,-
GCA_002993335.1,GCA_002993335,9.0,train,train,valid,train,train,-
GCA_002995755.1,GCA_002995755,6.9,-,-,-,-,-,test
GCA_002995785.1,GCA_002995785,8.0,train,train,train,train,valid,-
GCA_003003005.1,GCA_003003005,9.5,train,train,train,valid,train,-
GCA_003003215.1,GCA_003003215,7.5,train,valid,train,train,train,-
GCA_003008515.1,GCA_003008515,7.5,train,train,train,valid,train,-
GCA_003008535.1,GCA_003008535,7.5,-,-,-,-,-,test
GCA_003014675.1,GCA_003014675,7.1,train,train,valid,train,train,-
GCA_003020045.1,GCA_003020045,4.75,train,train,train,valid,train,-
GCA_003024235.1,GCA_003024235,7.5,train,train,train,valid,train,-
GCA_003028415.1,GCA_003028415,7.75,train,train,valid,train,train,-
GCA_003044065.1,GCA_003044065,9.0,train,train,valid,train,train,-
GCA_003057965.1,GCA_003057965,4.9,train,train,valid,train,train,-
GCA_003096175.1,GCA_003096175,6.45,train,train,train,train,valid,-
GCA_003115855.1,GCA_003115855,7.0,train,train,train,valid,train,-
GCA_003121895.1,GCA_003121895,7.75,-,-,-,-,-,test
GCA_003122085.1,GCA_003122085,7.25,train,train,train,train,valid,-
GCA_003129485.1,GCA_003129485,7.5,-,-,-,-,-,test
GCA_003144035.1,GCA_003144035,7.25,train,train,valid,train,train,-
GCA_003149515.1,GCA_003149515,7.05,train,train,train,train,valid,-
GCA_003173015.1,GCA_003173015,7.0,train,train,valid,train,train,-
GCA_003173335.1,GCA_003173335,7.25,valid,train,train,train,train,-
GCA_003185655.1,GCA_003185655,7.25,train,train,train,train,valid,-
GCA_003208175.1,GCA_003208175,7.4,valid,train,train,train,train,-
GCA_003217495.1,GCA_003217495,7.7,train,valid,train,train,train,-
GCA_003217775.1,GCA_003217775,7.5,-,-,-,-,-,test
GCA_003226345.1,GCA_003226345,9.0,train,train,valid,train,train,-
GCA_003236315.1,GCA_003236315,7.5,train,train,train,valid,train,-
GCA_003253995.1,GCA_003253995,7.0,train,valid,train,train,train,-
GCA_003284725.1,GCA_003284725,6.3,valid,train,train,train,train,-
GCA_003284895.1,GCA_003284895,7.25,train,train,train,train,valid,-
GCA_003289965.1,GCA_003289965,6.8,valid,train,train,train,train,-
GCA_003312875.1,GCA_003312875,8.5,valid,train,train,train,train,-
GCA_003315245.1,GCA_003315245,9.0,train,train,valid,train,train,-
GCA_003317055.1,GCA_003317055,8.25,train,train,train,train,valid,-
GCA_003337215.1,GCA_003337215,7.5,-,-,-,-,-,test
GCA_003339865.1,GCA_003339865,7.25,train,train,train,valid,train,-
GCA_003367905.1,GCA_003367905,5.75,train,train,train,train,valid,-
GCA_003382285.1,GCA_003382285,7.25,train,train,train,valid,train,-
GCA_003384725.1,GCA_003384725,6.5,valid,train,train,train,train,-
GCA_003402975.1,GCA_003402975,7.25,train,train,train,valid,train,-
GCA_003412455.1,GCA_003412455,7.25,train,train,train,train,valid,-
GCA_003429005.1,GCA_003429005,5.25,train,train,train,train,valid,-
GCA_003570715.1,GCA_003570715,10.5,train,valid,train,train,train,-
GCA_003574045.1,GCA_003574045,8.25,train,train,valid,train,train,-
GCA_003574085.1,GCA_003574085,7.5,train,train,valid,train,train,-
GCA_003576475.1,GCA_003576475,7.25,train,train,train,train,valid,-
GCA_003581645.1,GCA_003581645,6.5,train,train,valid,train,train,-
GCA_003583935.1,GCA_003583935,7.5,valid,train,train,train,train,-
GCA_003594815.1,GCA_003594815,9.0,train,valid,train,train,train,-
GCA_003594915.1,GCA_003594915,6.5,train,train,train,valid,train,-
GCA_003595215.1,GCA_003595215,10.0,valid,train,train,train,train,-
GCA_003600355.1,GCA_003600355,5.0,train,train,train,train,valid,-
GCA_003627095.1,GCA_003627095,7.5,train,train,train,valid,train,-
GCA_003628305.1,GCA_003628305,7.5,train,valid,train,train,train,-
GCA_003633615.1,GCA_003633615,6.2,train,train,train,valid,train,-
GCA_003634555.1,GCA_003634555,9.1,train,train,valid,train,train,-
GCA_003675325.1,GCA_003675325,7.5,train,valid,train,train,train,-
GCA_003691585.1,GCA_003691585,7.25,train,train,train,valid,train,-
GCA_003696285.1,GCA_003696285,8.5,train,valid,train,train,train,-
GCA_003719725.1,GCA_003719725,9.0,-,-,-,-,-,test
GCA_003721225.1,GCA_003721225,3.0,train,valid,train,train,train,-
GCA_003752405.1,GCA_003752405,9.5,train,train,train,train,valid,-
GCA_003788585.1,GCA_003788585,5.25,train,train,train,valid,train,-
GCA_003797185.1,GCA_003797185,7.5,train,train,train,train,valid,-
GCA_003815015.1,GCA_003815015,6.25,train,train,train,valid,train,-
GCA_003837865.1,GCA_003837865,6.75,train,train,train,train,valid,-
GCA_003865075.1,GCA_003865075,5.0,train,train,valid,train,train,-
GCA_003865095.1,GCA_003865095,6.85,train,train,train,train,valid,-
GCA_003966655.1,GCA_003966655,2.1,train,valid,train,train,train,-
GCA_003967535.1,GCA_003967535,6.5,train,valid,train,train,train,-
GCA_003967555.1,GCA_003967555,6.5,train,valid,train,train,train,-
GCA_003986975.1,GCA_003986975,9.0,valid,train,train,train,train,-
GCA_003987335.1,GCA_003987335,8.75,valid,train,train,train,train,-
GCA_003990915.1,GCA_003990915,7.5,train,train,train,valid,train,-
GCA_003994475.1,GCA_003994475,7.7,train,valid,train,train,train,-
GCA_004053875.1,GCA_004053875,7.5,valid,train,train,train,train,-
GCA_004054195.1,GCA_004054195,6.75,train,train,train,valid,train,-
GCA_004115155.1,GCA_004115155,4.75,train,train,train,valid,train,-
GCA_004116265.1,GCA_004116265,9.5,train,train,train,valid,train,-
GCA_004143605.1,GCA_004143605,7.4,valid,train,train,train,train,-
GCA_004209755.1,GCA_004209755,7.25,train,train,train,train,valid,-
GCA_004217495.1,GCA_004217495,7.6,train,train,valid,train,train,-
GCA_004217555.1,GCA_004217555,5.5,train,train,train,valid,train,-
GCA_004291315.1,GCA_004291315,6.5,train,train,train,train,valid,-
GCA_004309355.1,GCA_004309355,7.25,-,-,-,-,-,test
GCA_004310395.1,GCA_004310395,6.25,train,train,valid,train,train,-
GCA_004310665.1,GCA_004310665,7.5,train,train,train,valid,train,-
GCA_004322755.1,GCA_004322755,7.25,train,train,train,train,valid,-
GCA_004329815.1,GCA_004329815,7.5,-,-,-,-,-,test
GCA_004331415.1,GCA_004331415,6.5,train,train,train,valid,train,-
GCA_004331955.1,GCA_004331955,7.5,valid,train,train,train,train,-
GCA_004339015.1,GCA_004339015,9.0,train,train,train,train,valid,-
GCA_004340665.1,GCA_004340665,9.0,train,train,train,valid,train,-
GCA_004345265.1,GCA_004345265,7.15,valid,train,train,train,train,-
GCA_004346135.1,GCA_004346135,6.5,train,train,train,valid,train,-
GCA_004348825.1,GCA_004348825,8.5,train,train,valid,train,train,-
GCA_004353825.1,GCA_004353825,7.5,train,train,train,train,valid,-
GCA_004353915.1,GCA_004353915,5.25,train,train,train,train,valid,-
GCA_004357995.1,GCA_004357995,7.5,valid,train,train,train,train,-
GCA_004358025.1,GCA_004358025,7.5,valid,train,train,train,train,-
GCA_004358325.1,GCA_004358325,6.5,train,valid,train,train,train,-
GCA_004359375.1,GCA_004359375,4.0,train,valid,train,train,train,-
GCA_004362245.1,GCA_004362245,6.925,train,train,train,valid,train,-
GCA_004362715.1,GCA_004362715,6.95,train,train,train,valid,train,-
GCA_004362865.1,GCA_004362865,7.5,-,-,-,-,-,test
GCA_004363175.1,GCA_004363175,8.2,valid,train,train,train,train,-
GCA_004363315.1,GCA_004363315,8.75,-,-,-,-,-,test
GCA_004364585.1,GCA_004364585,9.0,valid,train,train,train,train,-
GCA_004365595.1,GCA_004365595,6.75,valid,train,train,train,train,-
GCA_004366355.1,GCA_004366355,6.5,train,train,train,train,valid,-
GCA_004366815.1,GCA_004366815,7.3,train,train,train,valid,train,-
GCA_004524855.1,GCA_004524855,4.75,train,train,train,train,valid,-
GCA_004570865.1,GCA_004570865,6.8,-,-,-,-,-,test
GCA_004571025.1,GCA_004571025,6.9,-,-,-,-,-,test
GCA_005116735.1,GCA_005116735,7.0,valid,train,train,train,train,-
GCA_005843985.1,GCA_005843985,5.5,train,train,valid,train,train,-
GCA_005876855.1,GCA_005876855,8.0,train,valid,train,train,train,-
GCA_005925325.2,GCA_005925325,7.75,train,train,train,valid,train,-
GCA_006159205.1,GCA_006159205,7.75,-,-,-,-,-,test
GCA_006228125.1,GCA_006228125,7.2,train,train,train,valid,train,-
GCA_006546775.1,GCA_006546775,7.0,train,train,train,valid,train,-
GCA_006715045.1,GCA_006715045,7.2,valid,train,train,train,train,-
GCA_006788875.1,GCA_006788875,7.5,train,train,valid,train,train,-
GCA_006965445.1,GCA_006965445,6.5,train,train,train,valid,train,-
GCA_007197885.1,GCA_007197885,7.5,train,train,train,train,valid,-
GCA_007713745.1,GCA_007713745,5.75,valid,train,train,train,train,-
GCA_007827555.1,GCA_007827555,9.0,train,train,train,valid,train,-
GCA_007828725.1,GCA_007828725,9.0,train,train,valid,train,train,-
GCA_007829815.1,GCA_007829815,5.5,train,valid,train,train,train,-
GCA_007830185.1,GCA_007830185,9.0,train,train,valid,train,train,-
GCA_007859715.1,GCA_007859715,9.0,train,train,train,valid,train,-
GCA_007860175.1,GCA_007860175,7.75,valid,train,train,train,train,-
GCA_007990305.1,GCA_007990305,9.5,valid,train,train,train,train,-
GCA_007990975.1,GCA_007990975,7.6,train,train,valid,train,train,-
GCA_007991315.1,GCA_007991315,9.25,valid,train,train,train,train,-
GCA_007991355.1,GCA_007991355,12.0,valid,train,train,train,train,-
GCA_007991535.1,GCA_007991535,9.0,-,-,-,-,-,test
GCA_007992835.1,GCA_007992835,7.5,train,train,valid,train,train,-
GCA_007993035.1,GCA_007993035,7.75,valid,train,train,train,train,-
GCA_007997385.1,GCA_007997385,7.25,-,-,-,-,-,test
GCA_008064635.1,GCA_008064635,7.75,-,-,-,-,-,test
GCA_008124835.1,GCA_008124835,7.25,train,train,train,valid,train,-
GCA_008124865.1,GCA_008124865,7.75,-,-,-,-,-,test
GCA_008271285.1,GCA_008271285,7.5,train,train,train,train,valid,-
GCA_008710165.1,GCA_008710165,6.5,train,train,valid,train,train,-
GCA_008806325.1,GCA_008806325,7.5,train,train,train,train,valid,-
GCA_008974285.1,GCA_008974285,6.5,train,valid,train,train,train,-
GCA_009362735.1,GCA_009362735,6.8,train,train,train,train,valid,-
GCA_009362785.1,GCA_009362785,6.8,train,train,train,train,valid,-
GCA_009674805.1,GCA_009674805,9.0,valid,train,train,train,train,-
GCA_009688965.1,GCA_009688965,7.55,-,-,-,-,-,test
GCA_009720825.1,GCA_009720825,7.2,train,train,train,train,valid,-
GCA_009768885.1,GCA_009768885,7.5,train,train,train,valid,train,-
GCA_009789535.1,GCA_009789535,6.5,train,train,valid,train,train,-
GCA_009827405.1,GCA_009827405,7.0,train,train,valid,train,train,-
GCA_009827595.1,GCA_009827595,7.75,train,train,valid,train,train,-
GCA_009828025.1,GCA_009828025,9.0,train,train,valid,train,train,-
GCA_009828705.1,GCA_009828705,9.0,-,-,-,-,-,test
GCA_009857595.1,GCA_009857595,7.25,train,train,train,train,valid,-
GCA_009857835.1,GCA_009857835,7.25,train,train,train,train,valid,-
GCA_009858245.1,GCA_009858245,7.2,train,train,valid,train,train,-
GCA_009906855.1,GCA_009906855,7.5,-,-,-,-,-,test
GCA_009908195.1,GCA_009908195,7.2,train,valid,train,train,train,-
GCA_009909205.1,GCA_009909205,7.5,-,-,-,-,-,test
GCA_009910365.1,GCA_009910365,7.0,-,-,-,-,-,test
GCA_009930795.1,GCA_009930795,7.0,train,train,valid,train,train,-
GCA_009936215.1,GCA_009936215,5.75,valid,train,train,train,train,-
GCA_010093305.1,GCA_010093305,7.5,train,train,train,valid,train,-
GCA_010378095.1,GCA_010378095,2.0,train,valid,train,train,train,-
GCA_010500895.1,GCA_010500895,7.5,valid,train,train,train,train,-
GCA_010550695.1,GCA_010550695,9.5,valid,train,train,train,train,-
GCA_010669305.1,GCA_010669305,6.45,train,train,train,train,valid,-
GCA_010671595.1,GCA_010671595,7.75,-,-,-,-,-,test
GCA_010975035.1,GCA_010975035,7.2,valid,train,train,train,train,-
GCA_011058205.1,GCA_011058205,8.25,-,-,-,-,-,test
GCA_011067105.1,GCA_011067105,7.5,train,train,valid,train,train,-
GCA_011089875.1,GCA_011089875,7.75,-,-,-,-,-,test
GCA_011758685.1,GCA_011758685,9.0,valid,train,train,train,train,-
GCA_011927785.1,GCA_011927785,7.5,train,train,train,valid,train,-
GCA_012979235.1,GCA_012979235,6.25,train,train,train,valid,train,-
GCA_013359905.1,GCA_013359905,7.0,train,valid,train,train,train,-
GCA_013402795.1,GCA_013402795,7.75,-,-,-,-,-,test
GCA_013408145.1,GCA_013408145,7.5,train,train,train,train,valid,-
GCA_013408555.1,GCA_013408555,7.1,train,train,train,train,valid,-
GCA_013408745.1,GCA_013408745,6.8,train,train,valid,train,train,-
GCA_013408925.1,GCA_013408925,8.6,train,train,valid,train,train,-
GCA_013409965.1,GCA_013409965,7.6,train,train,train,train,valid,-
GCA_013410595.1,GCA_013410595,7.25,train,train,valid,train,train,-
GCA_013410745.1,GCA_013410745,9.5,valid,train,train,train,train,-
GCA_013416335.1,GCA_013416335,6.75,-,-,-,-,-,test
GCA_013416515.1,GCA_013416515,6.75,-,-,-,-,-,test
GCA_014138425.1,GCA_014138425,9.0,train,train,train,train,valid,-
GCA_014174495.1,GCA_014174495,9.0,valid,train,train,train,train,-
GCA_014191505.1,GCA_014191505,8.0,train,train,train,train,valid,-
GCA_014197055.1,GCA_014197055,8.6,valid,train,train,train,train,-
GCA_014197145.1,GCA_014197145,8.0,valid,train,train,train,train,-
GCA_014198875.1,GCA_014198875,7.25,train,train,train,valid,train,-
GCA_014201735.1,GCA_014201735,6.75,train,train,train,valid,train,-
GCA_014202275.1,GCA_014202275,7.25,train,train,valid,train,train,-
GCA_014202825.1,GCA_014202825,7.0,train,train,train,valid,train,-
GCA_014202875.1,GCA_014202875,7.6,train,valid,train,train,train,-
GCA_014204815.1,GCA_014204815,6.1,valid,train,train,train,train,-
GCA_014230055.1,GCA_014230055,9.0,-,-,-,-,-,test
GCA_014230355.1,GCA_014230355,5.5,train,train,valid,train,train,-
GCA_014529945.1,GCA_014529945,7.0,train,train,train,train,valid,-
GCA_014635625.1,GCA_014635625,7.5,train,valid,train,train,train,-
GCA_014635865.1,GCA_014635865,7.5,-,-,-,-,-,test
GCA_014638005.1,GCA_014638005,7.75,-,-,-,-,-,test
GCA_014639235.1,GCA_014639235,8.0,train,valid,train,train,train,-
GCA_014640155.1,GCA_014640155,7.75,-,-,-,-,-,test
GCA_014640175.1,GCA_014640175,7.25,-,-,-,-,-,test
GCA_014640195.1,GCA_014640195,7.25,-,-,-,-,-,test
GCA_014640535.1,GCA_014640535,7.25,train,train,valid,train,train,-
GCA_014641455.1,GCA_014641455,6.0,train,train,train,train,valid,-
GCA_014641945.1,GCA_014641945,7.0,train,valid,train,train,train,-
GCA_014642075.1,GCA_014642075,6.75,train,train,train,valid,train,-
GCA_014642695.1,GCA_014642695,7.25,valid,train,train,train,train,-
GCA_014642735.1,GCA_014642735,6.75,train,valid,train,train,train,-
GCA_014642855.1,GCA_014642855,4.75,train,train,train,valid,train,-
GCA_014642875.1,GCA_014642875,4.0,train,train,train,train,valid,-
GCA_014643055.1,GCA_014643055,7.5,-,-,-,-,-,test
GCA_014643175.1,GCA_014643175,7.0,train,train,train,train,valid,-
GCA_014643595.1,GCA_014643595,8.5,-,-,-,-,-,test
GCA_014643735.1,GCA_014643735,7.5,train,valid,train,train,train,-
GCA_014644275.1,GCA_014644275,7.5,train,train,train,valid,train,-
GCA_014644455.1,GCA_014644455,6.75,train,train,valid,train,train,-
GCA_014645015.1,GCA_014645015,7.0,train,train,valid,train,train,-
GCA_014645175.1,GCA_014645175,7.5,-,-,-,-,-,test
GCA_014645535.1,GCA_014645535,4.0,train,train,train,train,valid,-
GCA_014645555.1,GCA_014645555,4.0,train,train,train,train,valid,-
GCA_014646075.1,GCA_014646075,8.0,valid,train,train,train,train,-
GCA_014646115.1,GCA_014646115,7.5,train,valid,train,train,train,-
GCA_014646135.1,GCA_014646135,7.0,train,train,train,train,valid,-
GCA_014647115.1,GCA_014647115,5.75,train,train,train,train,valid,-
GCA_014647155.1,GCA_014647155,5.35,train,train,train,train,valid,-
GCA_014647195.1,GCA_014647195,10.0,valid,train,train,train,train,-
GCA_014647415.1,GCA_014647415,7.5,train,valid,train,train,train,-
GCA_014647975.1,GCA_014647975,7.5,train,valid,train,train,train,-
GCA_014648235.1,GCA_014648235,3.25,-,-,-,-,-,test
GCA_014652135.1,GCA_014652135,9.0,train,train,train,valid,train,-
GCA_014652555.1,GCA_014652555,7.5,train,train,valid,train,train,-
GCA_014652935.1,GCA_014652935,7.25,train,train,train,valid,train,-
GCA_014653155.1,GCA_014653155,7.2,train,train,train,valid,train,-
GCA_014653175.1,GCA_014653175,7.75,train,train,train,valid,train,-
GCA_014673215.1,GCA_014673215,7.25,train,train,train,train,valid,-
GCA_014874095.1,GCA_014874095,7.5,train,train,train,valid,train,-
GCA_014905135.1,GCA_014905135,6.1,train,valid,train,train,train,-
GCA_016135805.1,GCA_016135805,7.75,train,train,train,valid,train,-
GCA_016415625.1,GCA_016415625,6.25,train,train,train,valid,train,-
GCA_016722785.1,GCA_016722785,7.25,-,-,-,-,-,test
GCA_016862555.1,GCA_016862555,9.0,train,train,train,valid,train,-
GCA_016862675.1,GCA_016862675,7.2,train,valid,train,train,train,-
GCA_016862735.1,GCA_016862735,9.0,train,valid,train,train,train,-
GCA_016862975.1,GCA_016862975,5.5,train,train,train,valid,train,-
GCA_016863575.1,GCA_016863575,6.25,train,train,train,valid,train,-
GCA_016865235.1,GCA_016865235,7.25,train,train,valid,train,train,-
GCA_016904945.1,GCA_016904945,5.75,train,train,valid,train,train,-
GCA_016907955.1,GCA_016907955,7.2,valid,train,train,train,train,-
GCA_016908315.1,GCA_016908315,8.3,-,-,-,-,-,test
GCA_016908415.1,GCA_016908415,6.8,-,-,-,-,-,test
GCA_016918545.1,GCA_016918545,9.4,train,train,train,train,valid,-
GCA_017254835.1,GCA_017254835,7.25,train,train,train,valid,train,-
GCA_017377855.1,GCA_017377855,7.5,train,train,train,train,valid,-
GCA_017873955.1,GCA_017873955,7.25,valid,train,train,train,train,-
GCA_017874575.1,GCA_017874575,5.25,train,valid,train,train,train,-
GCA_017876575.1,GCA_017876575,9.0,valid,train,train,train,train,-
GCA_017876675.1,GCA_017876675,7.4,valid,train,train,train,train,-
GCA_018128965.1,GCA_018128965,6.5,train,train,valid,train,train,-
GCA_018141405.1,GCA_018141405,9.5,train,train,valid,train,train,-
GCA_018156225.1,GCA_018156225,7.25,train,train,valid,train,train,-
GCA_018324385.1,GCA_018324385,6.05,-,-,-,-,-,test
GCA_018403685.1,GCA_018403685,10.0,-,-,-,-,-,test
GCA_018449405.1,GCA_018449405,9.5,train,train,train,valid,train,-
GCA_018854775.1,GCA_018854775,2.0,train,valid,train,train,train,-
GCA_019039105.1,GCA_019039105,9.0,train,train,train,train,valid,-
GCA_019042215.1,GCA_019042215,9.0,train,train,valid,train,train,-
GCA_019753765.1,GCA_019753765,9.0,train,train,valid,train,train,-
GCA_019891395.1,GCA_019891395,9.1,valid,train,train,train,train,-
GCA_020026925.1,GCA_020026925,7.75,-,-,-,-,-,test
GCA_020519665.1,GCA_020519665,9.0,train,train,valid,train,train,-
GCA_020886315.1,GCA_020886315,3.0,-,-,-,-,-,test
GCA_021044425.1,GCA_021044425,7.75,train,train,train,train,valid,-
GCA_021556455.1,GCA_021556455,7.5,train,valid,train,train,train,-
GCA_022026155.1,GCA_022026155,6.1,-,-,-,-,-,test
GCA_022179125.1,GCA_022179125,5.5,-,-,-,-,-,test
GCA_022179405.1,GCA_022179405,7.2,-,-,-,-,-,test
GCA_022760175.1,GCA_022760175,7.5,-,-,-,-,-,test
GCA_023167465.1,GCA_023167465,7.3,train,train,valid,train,train,-
GCA_023227765.1,GCA_023227765,9.0,-,-,-,-,-,test
GCA_023657365.1,GCA_023657365,3.9,train,valid,train,train,train,-
GCA_024170465.1,GCA_024170465,9.5,-,-,-,-,-,test
GCA_024172125.1,GCA_024172125,7.0,-,-,-,-,-,test
GCA_024753215.1,GCA_024753215,7.0,train,train,train,train,valid,-
GCA_024753255.1,GCA_024753255,7.5,train,train,train,train,valid,-
GCA_024753285.1,GCA_024753285,6.5,train,train,train,train,valid,-
GCA_024756255.1,GCA_024756255,6.5,train,train,train,train,valid,-
GCA_900083515.1,GCA_900083515,1.1,valid,train,train,train,train,-
GCA_900089585.1,GCA_900089585,9.0,train,train,train,valid,train,-
GCA_900092135.1,GCA_900092135,7.8,train,train,train,train,valid,-
GCA_900095135.1,GCA_900095135,7.65,train,valid,train,train,train,-
GCA_900095795.1,GCA_900095795,7.65,train,valid,train,train,train,-
GCA_900096565.1,GCA_900096565,6.9,valid,train,train,train,train,-
GCA_900096585.1,GCA_900096585,7.45,train,valid,train,train,train,-
GCA_900099635.1,GCA_900099635,7.15,train,train,train,train,valid,-
GCA_900099685.1,GCA_900099685,5.0,valid,train,train,train,train,-
GCA_900100115.1,GCA_900100115,5.0,valid,train,train,train,train,-
GCA_900100155.1,GCA_900100155,6.9,-,-,-,-,-,test
GCA_900100875.1,GCA_900100875,7.15,-,-,-,-,-,test
GCA_900100975.1,GCA_900100975,6.8,valid,train,train,train,train,-
GCA_900101115.1,GCA_900101115,6.5,train,train,valid,train,train,-
GCA_900101165.1,GCA_900101165,9.0,valid,train,train,train,train,-
GCA_900101615.1,GCA_900101615,7.25,train,train,valid,train,train,-
GCA_900101865.1,GCA_900101865,9.5,train,valid,train,train,train,-
GCA_900101885.1,GCA_900101885,6.75,train,train,valid,train,train,-
GCA_900102055.1,GCA_900102055,7.7,-,-,-,-,-,test
GCA_900102265.1,GCA_900102265,7.0,valid,train,train,train,train,-
GCA_900102505.1,GCA_900102505,9.5,train,valid,train,train,train,-
GCA_900102885.1,GCA_900102885,8.25,train,valid,train,train,train,-
GCA_900102915.1,GCA_900102915,7.85,-,-,-,-,-,test
GCA_900103185.1,GCA_900103185,7.5,train,valid,train,train,train,-
GCA_900103665.1,GCA_900103665,7.08,train,train,train,valid,train,-
GCA_900103955.1,GCA_900103955,9.0,train,train,valid,train,train,-
GCA_900105445.1,GCA_900105445,7.1,train,valid,train,train,train,-
GCA_900105925.1,GCA_900105925,9.1,valid,train,train,train,train,-
GCA_900105965.1,GCA_900105965,7.1,valid,train,train,train,train,-
GCA_900106945.1,GCA_900106945,7.25,train,train,train,valid,train,-
GCA_900107045.1,GCA_900107045,7.5,valid,train,train,train,train,-
GCA_900107215.1,GCA_900107215,7.3,train,valid,train,train,train,-
GCA_900107225.1,GCA_900107225,6.5,-,-,-,-,-,test
GCA_900107485.1,GCA_900107485,8.65,-,-,-,-,-,test
GCA_900107665.1,GCA_900107665,6.25,-,-,-,-,-,test
GCA_900107725.1,GCA_900107725,7.5,train,valid,train,train,train,-
GCA_900107965.1,GCA_900107965,6.25,train,valid,train,train,train,-
GCA_900108095.1,GCA_900108095,9.0,train,train,train,valid,train,-
GCA_900108185.1,GCA_900108185,4.95,train,train,train,valid,train,-
GCA_900108215.1,GCA_900108215,9.0,valid,train,train,train,train,-
GCA_900109085.1,GCA_900109085,9.0,valid,train,train,train,train,-
GCA_900109565.1,GCA_900109565,6.5,train,train,valid,train,train,-
GCA_900109605.1,GCA_900109605,6.5,valid,train,train,train,train,-
GCA_900110035.1,GCA_900110035,6.5,train,train,valid,train,train,-
GCA_900110105.1,GCA_900110105,6.5,train,train,train,valid,train,-
GCA_900110255.1,GCA_900110255,6.25,train,valid,train,train,train,-
GCA_900110345.1,GCA_900110345,9.0,valid,train,train,train,train,-
GCA_900110575.1,GCA_900110575,6.25,valid,train,train,train,train,-
GCA_900110645.1,GCA_900110645,8.6,train,valid,train,train,train,-
GCA_900111295.1,GCA_900111295,9.0,train,train,valid,train,train,-
GCA_900111555.1,GCA_900111555,7.75,train,train,train,valid,train,-
GCA_900112045.1,GCA_900112045,7.25,valid,train,train,train,train,-
GCA_900112105.1,GCA_900112105,7.5,-,-,-,-,-,test
GCA_900112235.1,GCA_900112235,9.5,valid,train,train,train,train,-
GCA_900112345.1,GCA_900112345,6.35,train,train,train,train,valid,-
GCA_900112395.1,GCA_900112395,7.9,-,-,-,-,-,test
GCA_900112405.1,GCA_900112405,3.9,train,valid,train,train,train,-
GCA_900112545.1,GCA_900112545,8.15,train,valid,train,train,train,-
GCA_900113125.1,GCA_900113125,9.0,train,train,valid,train,train,-
GCA_900113135.1,GCA_900113135,7.9,-,-,-,-,-,test
GCA_900113245.1,GCA_900113245,6.75,-,-,-,-,-,test
GCA_900113485.1,GCA_900113485,6.8,-,-,-,-,-,test
GCA_900113955.1,GCA_900113955,7.75,train,valid,train,train,train,-
GCA_900114215.1,GCA_900114215,7.0,train,valid,train,train,train,-
GCA_900114625.1,GCA_900114625,4.15,train,train,train,valid,train,-
GCA_900114715.1,GCA_900114715,9.0,train,train,train,valid,train,-
GCA_900114775.1,GCA_900114775,7.25,train,train,train,valid,train,-
GCA_900115145.1,GCA_900115145,8.25,-,-,-,-,-,test
GCA_900115205.1,GCA_900115205,8.05,-,-,-,-,-,test
GCA_900115565.1,GCA_900115565,9.0,valid,train,train,train,train,-
GCA_900115585.1,GCA_900115585,7.25,train,train,valid,train,train,-
GCA_900116205.1,GCA_900116205,6.75,train,train,train,valid,train,-
GCA_900116225.1,GCA_900116225,7.5,train,train,train,valid,train,-
GCA_900116425.1,GCA_900116425,7.6,train,train,train,valid,train,-
GCA_900116705.1,GCA_900116705,8.75,valid,train,train,train,train,-
GCA_900116885.1,GCA_900116885,7.8,train,train,train,train,valid,-
GCA_900128965.1,GCA_900128965,1.8,train,train,train,train,valid,-
GCA_900129075.1,GCA_900129075,6.8,valid,train,train,train,train,-
GCA_900129115.1,GCA_900129115,7.1,-,-,-,-,-,test
GCA_900129895.1,GCA_900129895,7.1,valid,train,train,train,train,-
GCA_900129925.1,GCA_900129925,6.7,-,-,-,-,-,test
GCA_900141835.1,GCA_900141835,6.8,train,train,train,train,valid,-
GCA_900141845.1,GCA_900141845,7.45,train,train,train,train,valid,-
GCA_900142005.1,GCA_900142005,7.8,train,train,train,train,valid,-
GCA_900142135.1,GCA_900142135,6.8,valid,train,train,train,train,-
GCA_900142145.1,GCA_900142145,7.3,-,-,-,-,-,test
GCA_900142255.1,GCA_900142255,3.0,train,train,train,valid,train,-
GCA_900142275.1,GCA_900142275,9.25,valid,train,train,train,train,-
GCA_900142435.1,GCA_900142435,5.9,train,valid,train,train,train,-
GCA_900142995.1,GCA_900142995,8.4,train,train,train,train,valid,-
GCA_900143065.1,GCA_900143065,7.2,train,train,train,train,valid,-
GCA_900143695.1,GCA_900143695,7.55,-,-,-,-,-,test
GCA_900156755.1,GCA_900156755,4.0,train,train,train,valid,train,-
GCA_900167075.1,GCA_900167075,5.75,train,train,train,train,valid,-
GCA_900167125.1,GCA_900167125,7.0,valid,train,train,train,train,-
GCA_900167525.1,GCA_900167525,6.75,train,valid,train,train,train,-
GCA_900168195.1,GCA_900168195,7.75,-,-,-,-,-,test
GCA_900182585.1,GCA_900182585,5.9,train,train,train,train,valid,-
GCA_900182595.1,GCA_900182595,6.55,train,train,train,valid,train,-
GCA_900182645.1,GCA_900182645,7.5,-,-,-,-,-,test
GCA_900188085.1,GCA_900188085,4.5,train,train,train,valid,train,-
GCA_900188245.1,GCA_900188245,8.25,train,train,train,valid,train,-
GCA_900217815.1,GCA_900217815,6.75,train,valid,train,train,train,-
GCA_900606115.1,GCA_900606115,6.0,-,-,-,-,-,test
GCA_900609045.1,GCA_900609045,7.5,-,-,-,-,-,test
GCA_900609055.1,GCA_900609055,6.0,train,valid,train,train,train,-
GCA_900637625.1,GCA_900637625,6.25,train,train,valid,train,train,-
GCA_901538355.1,GCA_901538355,7.75,train,train,train,train,valid,-
GCA_902459695.1,GCA_902459695,7.25,train,train,train,train,valid,-
GCA_902813185.1,GCA_902813185,7.1,valid,train,train,train,train,-
GCF_000400975.1,GCA_000400975,4.45,train,train,train,train,valid,-
GCF_001866055.1,GCA_001866055,9.5,train,train,train,valid,train,-
GCF_003097495.1,GCA_003097495,7.5,train,train,valid,train,train,-
GCF_003752155.1,GCA_003752155,7.8,train,valid,train,train,train,-
GCF_004347715.1,GCA_004347715,7.5,valid,train,train,train,train,-
GCF_014203805.1,GCA_014203805,9.5,train,train,valid,train,train,-
GCF_014639315.1,GCA_014639315,8.5,-,-,-,-,-,test
GCF_014646255.1,GCA_014646255,7.5,valid,train,train,train,train,-
GCA_000255455.1,GCA_000255455,7.5,-,-,-,-,-,test
GCA_000255655.1,GCA_000255655,5.6,train,train,train,valid,train,-
GCA_000255705.1,GCA_000255705,5.75,train,train,train,train,valid,-
GCA_000306965.1,GCA_000306965,9.0,valid,train,train,train,train,-
GCA_000340985.1,GCA_000340985,11.25,train,train,valid,train,train,-
GCA_000341005.1,GCA_000341005,9.75,train,train,valid,train,train,-
GCA_000341025.1,GCA_000341025,7.2,-,-,-,-,-,test
GCA_000341085.1,GCA_000341085,9.0,-,-,-,-,-,test
GCA_000341185.1,GCA_000341185,7.2,-,-,-,-,-,test
GCA_000373185.1,GCA_000373185,6.2,train,train,valid,train,train,-
GCA_000373265.1,GCA_000373265,9.0,train,train,train,train,valid,-
GCA_000374625.1,GCA_000374625,7.0,-,-,-,-,-,test
GCA_000378345.1,GCA_000378345,8.6,valid,train,train,train,train,-
GCA_000378445.1,GCA_000378445,8.5,train,train,valid,train,train,-
GCA_000379085.1,GCA_000379085,7.25,train,valid,train,train,train,-
GCA_000381005.1,GCA_000381005,7.1,train,train,train,valid,train,-
GCA_000382125.1,GCA_000382125,7.75,-,-,-,-,-,test
GCA_000382365.1,GCA_000382365,9.5,valid,train,train,train,train,-
GCA_000384135.1,GCA_000384135,7.55,-,-,-,-,-,test
GCA_000410875.1,GCA_000410875,7.8,train,valid,train,train,train,-
GCA_000420385.1,GCA_000420385,4.75,train,train,valid,train,train,-
GCA_000421225.1,GCA_000421225,8.5,train,train,train,train,valid,-
GCA_000421625.1,GCA_000421625,6.5,train,train,valid,train,train,-
GCA_000421745.1,GCA_000421745,9.5,valid,train,train,train,train,-
GCA_000421765.1,GCA_000421765,7.5,train,valid,train,train,train,-
GCA_000421805.1,GCA_000421805,7.25,-,-,-,-,-,test
GCA_000422445.1,GCA_000422445,9.4,train,valid,train,train,train,-
GCA_000422885.1,GCA_000422885,7.3,-,-,-,-,-,test
GCA_000422945.1,GCA_000422945,7.0,train,train,train,valid,train,-
GCA_000423025.1,GCA_000423025,7.3,train,train,train,train,valid,-
GCA_000423525.1,GCA_000423525,8.3,train,train,valid,train,train,-
GCA_000423865.1,GCA_000423865,7.25,train,train,train,train,valid,-
GCA_000425125.1,GCA_000425125,7.5,train,valid,train,train,train,-
GCA_000425625.1,GCA_000425625,7.95,train,valid,train,train,train,-
GCA_000425785.1,GCA_000425785,7.0,train,valid,train,train,train,-
GCA_000426465.1,GCA_000426465,7.25,valid,train,train,train,train,-
GCA_000426765.1,GCA_000426765,6.9,train,train,valid,train,train,-
GCA_000427445.1,GCA_000427445,5.25,-,-,-,-,-,test
GCA_000428745.1,GCA_000428745,7.0,-,-,-,-,-,test
GCA_000428985.1,GCA_000428985,9.0,train,valid,train,train,train,-
GCA_000429005.1,GCA_000429005,5.75,train,train,valid,train,train,-
GCA_000429705.1,GCA_000429705,9.75,train,train,valid,train,train,-
GCA_000429985.1,GCA_000429985,6.0,valid,train,train,train,train,-
GCA_000430805.1,GCA_000430805,9.0,train,train,train,train,valid,-
GCA_000430825.1,GCA_000430825,7.0,valid,train,train,train,train,-
GCA_000519125.1,GCA_000519125,6.9,valid,train,train,train,train,-
GCA_000526375.1,GCA_000526375,7.1,train,train,train,valid,train,-
GCA_000615945.1,GCA_000615945,9.0,-,-,-,-,-,test
GCA_000619945.1,GCA_000619945,6.25,train,train,train,train,valid,-
GCA_000620125.1,GCA_000620125,6.8,train,train,train,train,valid,-
GCA_000621505.1,GCA_000621505,7.25,valid,train,train,train,train,-
GCA_000684975.1,GCA_000684975,5.5,train,train,train,train,valid,-
GCA_000685075.1,GCA_000685075,5.75,train,train,train,train,valid,-
GCA_000686525.1,GCA_000686525,9.6,-,-,-,-,-,test
GCA_000686705.1,GCA_000686705,7.9,train,train,train,train,valid,-
GCA_000688295.1,GCA_000688295,7.75,train,valid,train,train,train,-
GCA_000709085.1,GCA_000709085,10.0,valid,train,train,train,train,-
GCA_000711725.1,GCA_000711725,6.5,train,train,valid,train,train,-
GCA_000714435.1,GCA_000714435,9.5,valid,train,train,train,train,-
GCA_000717315.1,GCA_000717315,5.0,train,valid,train,train,train,-
GCA_000733935.1,GCA_000733935,6.4,train,train,valid,train,train,-
GCA_000739775.1,GCA_000739775,5.0,train,train,train,train,valid,-
GCA_000744815.1,GCA_000744815,5.5,train,valid,train,train,train,-
GCA_000745345.1,GCA_000745345,5.8,train,valid,train,train,train,-
GCA_000745455.1,GCA_000745455,5.6,valid,train,train,train,train,-
GCA_000745485.1,GCA_000745485,7.3,train,valid,train,train,train,-
GCA_000745905.1,GCA_000745905,2.0,train,train,train,train,valid,-
GCA_000745965.1,GCA_000745965,5.5,train,train,train,valid,train,-
GCA_000746085.1,GCA_000746085,6.1,-,-,-,-,-,test
GCA_000763375.1,GCA_000763375,7.5,train,train,valid,train,train,-
GCA_000820165.1,GCA_000820165,9.0,train,train,train,valid,train,-
GCA_000826645.1,GCA_000826645,7.25,-,-,-,-,-,test
GCA_000934765.1,GCA_000934765,9.0,train,train,train,train,valid,-
GCA_000969705.1,GCA_000969705,9.25,-,-,-,-,-,test
GCA_001293685.1,GCA_001293685,7.05,-,-,-,-,-,test
GCA_001294535.1,GCA_001294535,6.75,train,valid,train,train,train,-
GCA_001311565.1,GCA_001311565,6.15,-,-,-,-,-,test
GCA_001311925.1,GCA_001311925,6.7,valid,train,train,train,train,-
GCA_001312085.1,GCA_001312085,6.75,train,train,train,train,valid,-
GCA_001439605.1,GCA_001439605,9.0,valid,train,train,train,train,-
GCA_001441535.1,GCA_001441535,7.4,train,train,valid,train,train,-
GCA_001442615.1,GCA_001442615,6.75,train,train,train,valid,train,-
GCA_001463845.1,GCA_001463845,7.5,valid,train,train,train,train,-
GCA_001463945.1,GCA_001463945,7.5,valid,train,train,train,train,-
GCA_001528745.1,GCA_001528745,7.25,train,valid,train,train,train,-
GCA_001544355.1,GCA_001544355,3.0,train,train,train,valid,train,-
GCA_001571025.1,GCA_001571025,9.0,train,train,train,train,valid,-
GCA_001571045.1,GCA_001571045,4.0,train,train,valid,train,train,-
GCA_001586775.1,GCA_001586775,7.0,train,train,train,valid,train,-
GCA_001591445.1,GCA_001591445,7.5,valid,train,train,train,train,-
GCA_001591485.1,GCA_001591485,5.5,valid,train,train,train,train,-
GCA_001591825.1,GCA_001591825,8.25,train,train,train,train,valid,-
GCA_001592025.1,GCA_001592025,9.0,train,train,valid,train,train,-
GCA_001613145.1,GCA_001613145,7.6,train,train,train,train,valid,-
GCA_001613245.1,GCA_001613245,9.1,train,train,train,train,valid,-
GCA_001641335.1,GCA_001641335,6.8,-,-,-,-,-,test
GCA_001641615.1,GCA_001641615,8.0,valid,train,train,train,train,-
GCA_001653135.1,GCA_001653135,8.0,valid,train,train,train,train,-
GCA_001661965.1,GCA_001661965,7.25,train,train,valid,train,train,-
GCA_001676655.1,GCA_001676655,7.5,-,-,-,-,-,test
GCA_001681735.1,GCA_001681735,5.5,train,valid,train,train,train,-
GCA_001715195.1,GCA_001715195,8.0,-,-,-,-,-,test
GCA_001831475.1,GCA_001831475,6.75,-,-,-,-,-,test
GCA_001929405.1,GCA_001929405,6.5,train,train,train,train,valid,-
GCA_001982635.1,GCA_001982635,6.8,-,-,-,-,-,test
GCA_002019645.1,GCA_002019645,9.25,valid,train,train,train,train,-
GCA_002156385.1,GCA_002156385,9.0,train,train,valid,train,train,-
GCA_002156865.1,GCA_002156865,7.0,train,train,train,train,valid,-
GCA_002200915.1,GCA_002200915,7.5,-,-,-,-,-,test
GCA_002201235.1,GCA_002201235,7.25,-,-,-,-,-,test
GCA_002243045.1,GCA_002243045,7.2,-,-,-,-,-,test
GCA_002282895.1,GCA_002282895,7.5,train,train,train,valid,train,-
GCA_002591915.1,GCA_002591915,9.0,train,train,valid,train,train,-
GCA_002724055.1,GCA_002724055,7.3,train,train,train,valid,train,-
GCA_002806975.1,GCA_002806975,7.5,train,train,train,valid,train,-
GCA_002834145.1,GCA_002834145,7.5,train,valid,train,train,train,-
GCA_002864685.1,GCA_002864685,7.5,valid,train,train,train,train,-
GCA_002909235.1,GCA_002909235,7.75,-,-,-,-,-,test
GCA_002938435.1,GCA_002938435,6.8,train,train,train,valid,train,-
GCA_002993965.1,GCA_002993965,5.0,train,valid,train,train,train,-
GCA_003008695.1,GCA_003008695,9.0,valid,train,train,train,train,-
GCA_003049725.1,GCA_003049725,9.0,train,train,train,valid,train,-
GCA_003052295.1,GCA_003052295,9.0,valid,train,train,train,train,-
GCA_003056305.1,GCA_003056305,8.5,valid,train,train,train,train,-
GCA_003056425.1,GCA_003056425,7.5,valid,train,train,train,train,-
GCA_003075045.1,GCA_003075045,7.5,-,-,-,-,-,test
GCA_003075095.1,GCA_003075095,8.0,train,train,train,valid,train,-
GCA_003129605.1,GCA_003129605,6.5,train,train,train,train,valid,-
GCA_003171675.1,GCA_003171675,7.25,train,train,train,valid,train,-
GCA_003206715.1,GCA_003206715,6.0,valid,train,train,train,train,-
GCA_003259155.1,GCA_003259155,9.0,train,valid,train,train,train,-
GCA_003316635.1,GCA_003316635,7.5,train,valid,train,train,train,-
GCA_003345255.1,GCA_003345255,7.25,valid,train,train,train,train,-
GCA_003347495.1,GCA_003347495,7.3,train,train,train,valid,train,-
GCA_003350345.1,GCA_003350345,8.25,train,valid,train,train,train,-
GCA_003352165.1,GCA_003352165,4.0,train,train,valid,train,train,-
GCA_003391115.1,GCA_003391115,6.6,train,train,valid,train,train,-
GCA_003443895.1,GCA_003443895,5.5,train,train,train,train,valid,-
GCA_003449035.1,GCA_003449035,6.5,train,train,train,valid,train,-
GCA_003569045.1,GCA_003569045,6.75,train,train,valid,train,train,-
GCA_003626915.1,GCA_003626915,7.0,train,train,valid,train,train,-
GCA_003660455.1,GCA_003660455,7.0,train,train,train,train,valid,-
GCA_003675385.1,GCA_003675385,6.5,train,train,train,valid,train,-
GCA_003716875.1,GCA_003716875,6.5,train,train,valid,train,train,-
GCA_003719395.1,GCA_003719395,10.0,train,valid,train,train,train,-
GCA_003946025.1,GCA_003946025,4.0,train,valid,train,train,train,-
GCA_003946915.1,GCA_003946915,7.5,-,-,-,-,-,test
GCA_003967275.1,GCA_003967275,7.05,-,-,-,-,-,test
GCA_003990445.1,GCA_003990445,7.0,train,valid,train,train,train,-
GCA_003991195.1,GCA_003991195,7.0,train,train,train,train,valid,-
GCA_003991355.1,GCA_003991355,7.0,train,train,train,train,valid,-
GCA_004153545.1,GCA_004153545,8.5,train,train,valid,train,train,-
GCA_004352855.1,GCA_004352855,7.3,-,-,-,-,-,test
GCA_004358445.1,GCA_004358445,7.25,train,train,train,valid,train,-
GCA_004521985.1,GCA_004521985,6.5,train,valid,train,train,train,-
GCA_004634215.1,GCA_004634215,7.0,train,train,valid,train,train,-
GCA_005405385.1,GCA_005405385,4.0,train,valid,train,train,train,-
GCA_005434915.1,GCA_005434915,6.5,train,train,valid,train,train,-
GCA_006346315.1,GCA_006346315,7.6,train,train,train,train,valid,-
GCA_006503695.1,GCA_006503695,6.9,valid,train,train,train,train,-
GCA_006519705.1,GCA_006519705,9.0,train,train,valid,train,train,-
GCA_006542765.1,GCA_006542765,7.25,train,valid,train,train,train,-
GCA_008304605.1,GCA_008304605,9.0,valid,train,train,train,train,-
GCA_008632455.1,GCA_008632455,7.0,train,train,valid,train,train,-
GCA_008635805.1,GCA_008635805,6.75,train,valid,train,train,train,-
GCA_008638305.1,GCA_008638305,9.0,train,valid,train,train,train,-
GCA_009193135.1,GCA_009193135,8.25,train,train,train,train,valid,-
GCA_009811315.1,GCA_009811315,8.5,train,train,valid,train,train,-
GCA_009821115.1,GCA_009821115,9.5,train,valid,train,train,train,-
GCA_010645075.1,GCA_010645075,7.5,-,-,-,-,-,test
GCA_011634895.1,GCA_011634895,7.5,valid,train,train,train,train,-
GCA_013623835.1,GCA_013623835,6.8,-,-,-,-,-,test
GCA_015070375.1,GCA_015070375,9.0,train,train,train,train,valid,-
GCA_015278285.1,GCA_015278285,7.8,train,train,valid,train,train,-
GCA_015319355.1,GCA_015319355,6.75,-,-,-,-,-,test
GCA_015475875.1,GCA_015475875,7.5,train,train,valid,train,train,-
GCA_016734765.1,GCA_016734765,7.75,-,-,-,-,-,test
GCA_016765695.1,GCA_016765695,6.9,valid,train,train,train,train,-
GCA_019575955.1,GCA_019575955,9.5,valid,train,train,train,train,-
GCA_019655995.1,GCA_019655995,3.9,train,valid,train,train,train,-
GCA_020177375.1,GCA_020177375,7.25,train,train,train,valid,train,-
GCA_021083185.1,GCA_021083185,7.1,train,train,train,train,valid,-
GCA_902825405.1,GCA_902825405,7.65,train,train,train,valid,train,-
GCA_902833865.1,GCA_902833865,5.4,train,train,train,train,valid,-
